﻿106283,Mitchell Krueger,104925,Novak Djokovic,R128
105373,Martin Klizan,104542,Jo Wilfried Tsonga,R128
106423,Thanasi Kokkinakis,106121,Taro Daniel,R128
104665,Pablo Andujar,133430,Denis Shapovalov,R128
106426,Christian Garin,105676,David Goffin,R128
104719,Marcel Granollers,105657,Marius Copil,R128
106210,Jiri Vesely,105992,Ryan Harrison,R128
144750,Lloyd George Muirhead Harris,106421,Daniil Medvedev,R128
144719,Jaume Munar,104926,Fabio Fognini,R128
111797,Nicolas Jarry,104919,Leonardo Mayer,R128
104291,Malek Jaziri,125802,Ilya Ivashka,R128
104563,Luca Vanni,105807,Pablo Carreno Busta,R128
104810,Zhe Li,104259,Philipp Kohlschreiber,R128
105550,Guido Pella,105311,Joao Sousa,R128
128034,Hubert Hurkacz,103333,Ivo Karlovic,R128
111794,Kamil Majchrzak,105453,Kei Nishikori,R128
105379,Aljaz Bedene,100644,Alexander Zverev,R128
200005,Ugo Humbert,104871,Jeremy Chardy,R128
106058,Jack Sock,106109,Alex Bolt,R128
106216,Bjorn Fratangelo,104468,Gilles Simon,R128
105614,Bradley Klahn,111202,Hyeon Chung,R128
105023,Sam Querrey,105732,Pierre Hugues Herbert,R128
105208,Ernests Gulbis,104527,Stanislas Wawrinka,R128
106401,Nick Kyrgios,105683,Milos Raonic,R128
104327,Steve Darcis,106432,Borna Coric,R128
105077,Albert Ramos,105916,Marton Fucsovics,R128
111513,Laslo Djere,105539,Evgeny Donskoy,R128
106065,Marco Cecchinato,105936,Filip Krajinovic,R128
105062,Mikhail Kukushkin,106298,Lucas Pouille,R128
105163,Gleb Sakharov,109739,Maximilian Marterer,R128
104999,Mischa Zverev,200615,Alexei Popyrin,R128
105332,Benoit Paire,106233,Dominic Thiem,R128
106071,Bernard Tomic,105227,Marin Cilic,R128
126094,Andrey Rublev,111456,Mackenzie Mcdonald,R128
111581,Michael Mmoh,105430,Radu Albot,R128
200175,Miomir Kecmanovic,104269,Fernando Verdasco,R128
104918,Andy Murray,105138,Roberto Bautista Agut,R128
105643,Federico Delbonis,105357,John Millman,R128
105815,Tennys Sandgren,106415,Yoshihito Nishioka,R128
105376,Peter Gojowczyk,111575,Karen Khachanov,R128
126610,Matteo Berrettini,126774,Stefanos Tsitsipas,R128
106148,Roberto Carballes Baena,104678,Viktor Troicki,R128
105819,Guido Andreozzi,105882,Stefano Travaglia,R128
111153,Christopher Eubanks,105932,Nikoloz Basilashvili,R128
106000,Damir Dzumhur,104792,Gael Monfils,R128
111815,Cameron Norrie,126203,Taylor Harry Fritz,R128
105147,Tatsuma Ito,105554,Daniel Evans,R128
104797,Denis Istomin,103819,Roger Federer,R128
105173,Adrian Mannarino,104731,Kevin Anderson,R128
105432,Prajnesh Gunneswaran,126207,Francis Tiafoe,R128
103852,Feliciano Lopez,111442,Jordan Thompson,R128
105449,Steve Johnson,104312,Andreas Seppi,R128
104386,Janko Tipsarevic,105777,Grigor Dimitrov,R128
105583,Dusan Lajovic,104655,Pablo Cuevas,R128
106186,Jason Kubler,105341,Thomas Fabbiano,R128
104545,John Isner,124187,Reilly Opelka,R128
106378,Kyle Edmund,104607,Tomas Berdych,R128
104198,Guillermo Garcia Lopez,104898,Robin Haase,R128
117360,Marc Polmans,106045,Denis Kudla,R128
200484,Rudolf Molleker,106043,Diego Sebastian Schwartzman,R128
105155,Pedro Sousa,200282,Alex De Minaur,R128
105806,Mirza Basic,105967,Henri Laaksonen,R128
105526,Jan Lennard Struff,105051,Matthew Ebden,R128
105902,James Duckworth,104745,Rafael Nadal,R128
104542,Jo Wilfried Tsonga,104925,Novak Djokovic,R64
106121,Taro Daniel,133430,Denis Shapovalov,R64
105657,Marius Copil,105676,David Goffin,R64
105992,Ryan Harrison,106421,Daniil Medvedev,R64
104919,Leonardo Mayer,104926,Fabio Fognini,R64
125802,Ilya Ivashka,105807,Pablo Carreno Busta,R64
104259,Philipp Kohlschreiber,105311,Joao Sousa,R64
103333,Ivo Karlovic,105453,Kei Nishikori,R64
104871,Jeremy Chardy,100644,Alexander Zverev,R64
104468,Gilles Simon,106109,Alex Bolt,R64
111202,Hyeon Chung,105732,Pierre Hugues Herbert,R64
104527,Stanislas Wawrinka,105683,Milos Raonic,R64
105916,Marton Fucsovics,106432,Borna Coric,R64
105539,Evgeny Donskoy,105936,Filip Krajinovic,R64
109739,Maximilian Marterer,106298,Lucas Pouille,R64
106233,Dominic Thiem,200615,Alexei Popyrin,R64
111456,Mackenzie Mcdonald,105227,Marin Cilic,R64
105430,Radu Albot,104269,Fernando Verdasco,R64
105357,John Millman,105138,Roberto Bautista Agut,R64
106415,Yoshihito Nishioka,111575,Karen Khachanov,R64
104678,Viktor Troicki,126774,Stefanos Tsitsipas,R64
105882,Stefano Travaglia,105932,Nikoloz Basilashvili,R64
104792,Gael Monfils,126203,Taylor Harry Fritz,R64
105554,Daniel Evans,103819,Roger Federer,R64
104731,Kevin Anderson,126207,Francis Tiafoe,R64
111442,Jordan Thompson,104312,Andreas Seppi,R64
104655,Pablo Cuevas,105777,Grigor Dimitrov,R64
124187,Reilly Opelka,105341,Thomas Fabbiano,R64
104898,Robin Haase,104607,Tomas Berdych,R64
106045,Denis Kudla,106043,Diego Sebastian Schwartzman,R64
105967,Henri Laaksonen,200282,Alex De Minaur,R64
105051,Matthew Ebden,104745,Rafael Nadal,R64
133430,Denis Shapovalov,104925,Novak Djokovic,R32
105676,David Goffin,106421,Daniil Medvedev,R32
104926,Fabio Fognini,105807,Pablo Carreno Busta,R32
105311,Joao Sousa,105453,Kei Nishikori,R32
106109,Alex Bolt,100644,Alexander Zverev,R32
105732,Pierre Hugues Herbert,105683,Milos Raonic,R32
105936,Filip Krajinovic,106432,Borna Coric,R32
200615,Alexei Popyrin,106298,Lucas Pouille,R32
104269,Fernando Verdasco,105227,Marin Cilic,R32
111575,Karen Khachanov,105138,Roberto Bautista Agut,R32
105932,Nikoloz Basilashvili,126774,Stefanos Tsitsipas,R32
126203,Taylor Harry Fritz,103819,Roger Federer,R32
104312,Andreas Seppi,126207,Francis Tiafoe,R32
105341,Thomas Fabbiano,105777,Grigor Dimitrov,R32
106043,Diego Sebastian Schwartzman,104607,Tomas Berdych,R32
200282,Alex De Minaur,104745,Rafael Nadal,R32
106421,Daniil Medvedev,104925,Novak Djokovic,R16
105807,Pablo Carreno Busta,105453,Kei Nishikori,R16
100644,Alexander Zverev,105683,Milos Raonic,R16
106432,Borna Coric,106298,Lucas Pouille,R16
105227,Marin Cilic,105138,Roberto Bautista Agut,R16
103819,Roger Federer,126774,Stefanos Tsitsipas,R16
105777,Grigor Dimitrov,126207,Francis Tiafoe,R16
104607,Tomas Berdych,104745,Rafael Nadal,R16
105453,Kei Nishikori,104925,Novak Djokovic,QF
105683,Milos Raonic,106298,Lucas Pouille,QF
105138,Roberto Bautista Agut,126774,Stefanos Tsitsipas,QF
126207,Francis Tiafoe,104745,Rafael Nadal,QF
106298,Lucas Pouille,104925,Novak Djokovic,SF
126774,Stefanos Tsitsipas,104745,Rafael Nadal,SF
104745,Rafael Nadal,104925,Novak Djokovic,F
